Workbook

Sheet Summary
A1: Spin It – what it costs
A2: Totals pull from the Costs tab. Change usage on the Assumptions tab.
B4: Launch (small) | C4: Growth | D4: Launch (QAR) | E4: Growth (QAR)
A5: Before launch (one-time) | B5: =Costs!E26 -> 25 | C5: =Costs!E26 -> 25 | D5: =B5*Assumptions!$B$14 -> 91 | E5: =C5*Assumptions!$B$14 -> 91
A6: Every month | B6: =Costs!F26 -> 32.38 | C6: =Costs!G26 -> 172.8 | D6: =B6*Assumptions!$B$14 -> 117.8632 | E6: =C6*Assumptions!$B$14 -> 628.992
A7: Every year (fixed fees) | B7: =Costs!H26 -> 119 | C7: =Costs!H26 -> 119 | D7: =B7*Assumptions!$B$14 -> 433.16 | E7: =C7*Assumptions!$B$14 -> 433.16
A8: First year in total | B8: =Costs!I26 -> 532.56 | C8: =Costs!J26 -> 2217.6 | D8: =B8*Assumptions!$B$14 -> 1938.5184 | E8: =C8*Assumptions!$B$14 -> 8072.064
A9: AI tab per month (included above) | B9: =INDEX(Costs!F:F,MATCH("Anthropic API – Claude Haiku 5.5",Costs!B:B,0)) -> 6 | C9: =INDEX(Costs!G:G,MATCH("Anthropic API – Claude Haiku 5.5",Costs!B:B,0)) -> 60 | D9: =B9*Assumptions!$B$14 -> 21.84 | E9: =C9*Assumptions!$B$14 -> 218.4
A11: Not included (unknown until you check): Qatar commercial registration, photo rights, marketing. Yellow cells on the Costs tab.
A12: Prices checked Oct 2026. Services change prices; check each provider’s pricing page before you pay.

Sheet Assumptions
A1: Spin It – cost assumptions
A2: Blue numbers are inputs: change them and every total updates. Yellow = guesses you should replace with your own numbers.
A4: Input | B4: Launch (small) | C4: Growth | D4: Unit | E4: Where this comes from
A5: Monthly active users | B5: 500 | C5: 5000 | D5: people | E5: Your guess. Launch = friends + early Doha users; Growth = after marketing.
A6: AI questions per user per month | B6: 10 | C6: 10 | D6: questions | E6: Your guess.
A7: Input tokens per AI question | B7: 10000 | C7: 10000 | D7: tokens | E7: Measured from the app: the prompt sends all 154 places (~10K tokens).
A8: Output tokens per AI question | B8: 400 | C8: 400 | D8: tokens | E8: Short reply (<70 words) plus a little thinking. Estimate.
A9: Claude Haiku 5.5 input price | B9: 0.1 | C9: 0.1 | D9: USD per 1M tokens | E9: Anthropic model price list (claude-haiku-5-5), Oct 2026.
A10: Claude Haiku 5.5 output price | B10: 0.5 | C10: 0.5 | D10: USD per 1M tokens | E10: Anthropic model price list (claude-haiku-5-5), Oct 2026.
A11: Table bookings per month | B11: 100 | C11: 1000 | D11: bookings | E11: Your guess.
A12: WhatsApp messages per booking | B12: 1 | C12: 1 | D12: messages | E12: The app sends the venue one booking request (supabase/functions/notify-venues).
A13: WhatsApp utility message price (Qatar) | B13: 0.0138 | C13: 0.0138 | D13: USD per message | E13: Reseller rate cards for Qatar, Oct 2026 ($0.012–$0.0138). Check Meta’s rate card.
A14: USD to QAR | B14: 3.64 | C14: 3.64 | D14: QAR per USD | E14: Fixed peg: 1 USD = 3.64 QAR.

Sheet Costs
A1: Spin It – every cost, before launch and after
A2: All amounts in USD. Year-1 total = one-time + 12 × monthly + yearly fee. Green numbers come from the Assumptions tab.
A4: Category | B4: Item | C4: What it pays for | D4: Needed? | E4: One-time (USD) | F4: Monthly – Launch (USD) | G4: Monthly – Growth (USD) | H4: Yearly fee (USD) | I4: Year 1 – Launch (USD) | J4: Year 1 – Growth (USD) | K4: Notes / source
A5: App stores
A6: App stores | B6: Apple Developer Program | C6: Putting the app on iPhones (TestFlight + App Store) | D6: Yes, for iPhone | E6: 0 | F6: 0 | G6: 0 | H6: 99 | I6: =N(E6)+N(F6)*12+N(H6) -> 99 | J6: =N(E6)+N(G6)*12+N(H6) -> 99 | K6: Apple, fixed price. Account holder must be 18+ (a parent can enrol).
A7: App stores | B7: Google Play Console | C7: Putting the app on Android (Play Store) | D7: Yes, for Android | E7: 25 | F7: 0 | G7: 0 | H7: 0 | I7: =N(E7)+N(F7)*12+N(H7) -> 25 | J7: =N(E7)+N(G7)*12+N(H7) -> 25 | K7: Google, one-time fee. Account holder must be 18+.
A8: Backend
A9: Backend | B9: Supabase | C9: Database, accounts, spins, bookings, squad votes, backend functions | D9: Yes | E9: 0 | F9: 25 | G9: 60 | H9: 0 | I9: =N(E9)+N(F9)*12+N(H9) -> 300 | J9: =N(E9)+N(G9)*12+N(H9) -> 720 | K9: Pro plan $25/mo (free plan pauses when idle, not for a live app). Growth adds compute; $60 is an estimate. supabase.com/pricing
A10: Backend | B10: Anthropic API – Claude Haiku 5.5 | C10: The AI tab | D10: Yes (or turn AI off) | E10: 0 | F10: =Assumptions!B5*Assumptions!B6*(Assumptions!B7*Assumptions!B9+Assumptions!B8*Assumptions!B10)/1000000 -> 6 | G10: =Assumptions!C5*Assumptions!C6*(Assumptions!C7*Assumptions!C9+Assumptions!C8*Assumptions!C10)/1000000 -> 60 | H10: 0 | I10: =N(E10)+N(F10)*12+N(H10) -> 72 | J10: =N(E10)+N(G10)*12+N(H10) -> 720 | K10: Formula from Assumptions. Prompt caching would cut this further.
A11: Backend | B11: Firebase Cloud Messaging | C11: Push notifications | D11: Yes | E11: 0 | F11: 0 | G11: 0 | H11: 0 | I11: =N(E11)+N(F11)*12+N(H11) -> 0 | J11: =N(E11)+N(G11)*12+N(H11) -> 0 | K11: Free.
A12: Backend | B12: WhatsApp Cloud API (Meta) | C12: Booking requests sent to venues on WhatsApp | D12: Optional | E12: 0 | F12: =Assumptions!B11*Assumptions!B12*Assumptions!B13 -> 1.38 | G12: =Assumptions!C11*Assumptions!C12*Assumptions!C13 -> 13.8 | H12: 0 | I12: =N(E12)+N(F12)*12+N(H12) -> 16.56 | J12: =N(E12)+N(G12)*12+N(H12) -> 165.6 | K12: Formula from Assumptions. First 1,000 service messages a month are free; booking requests are utility templates.
A13: Backend | B13: Resend (email) | C13: Booking emails to venues, password reset emails | D13: Optional | E13: 0 | F13: 0 | G13: 20 | H13: 0 | I13: =N(E13)+N(F13)*12+N(H13) -> 0 | J13: =N(E13)+N(G13)*12+N(H13) -> 240 | K13: Free up to 3,000 emails/month; Pro ~$20/mo after that.
A14: Backend | B14: Google Places API | C14: Weekly opening-hours refresh | D14: Optional | E14: 0 | F14: 0 | G14: 0 | H14: 0 | I14: =N(E14)+N(F14)*12+N(H14) -> 0 | J14: =N(E14)+N(G14)*12+N(H14) -> 0 | K14: About 154 lookups a week stays inside Google’s free monthly usage. Estimate.
A15: Building & hosting
A16: Building & hosting | B16: Expo (EAS) | C16: Building the iPhone/Android apps in the cloud, web hosting | D16: Yes | E16: 0 | F16: 0 | G16: 19 | H16: 0 | I16: =N(E16)+N(F16)*12+N(H16) -> 0 | J16: =N(E16)+N(G16)*12+N(H16) -> 228 | K16: Free: 15 Android + 15 iOS builds/month. Starter $19/mo for faster builds and app updates. expo.dev/pricing
A17: Building & hosting | B17: Web pages hosting (squad vote, venue, staff pages) | C17: Links people open without the app | D17: Yes | E17: 0 | F17: 0 | G17: 0 | H17: 0 | I17: =N(E17)+N(F17)*12+N(H17) -> 0 | J17: =N(E17)+N(G17)*12+N(H17) -> 0 | K17: EAS Hosting free plan. If you use Vercel instead: Hobby is not allowed for business use, Pro is $20/mo.
A18: Building & hosting | B18: Domain name (spinit.app) | C18: Short links like spinit.app/s/4821 | D18: Recommended | E18: 0 | F18: 0 | G18: 0 | H18: 20 | I18: =N(E18)+N(F18)*12+N(H18) -> 20 | J18: =N(E18)+N(G18)*12+N(H18) -> 20 | K18: .app domains are roughly $15–20/yr, if the name is free. Check a registrar.
A19: Building & hosting | B19: Mac computer | C19: Needed only for the Capacitor iPhone build in Xcode | D19: Have one | E19: 0 | F19: 0 | G19: 0 | H19: 0 | I19: =N(E19)+N(F19)*12+N(H19) -> 0 | J19: =N(E19)+N(G19)*12+N(H19) -> 0 | K19: You have a MacBook. With Expo building in the cloud you may not need it.
A20: Business & legal
A21: Business & legal | B21: Privacy policy + terms | C21: Required by both app stores | D21: Yes | E21: 0 | F21: 0 | G21: 0 | H21: 0 | I21: =N(E21)+N(F21)*12+N(H21) -> 0 | J21: =N(E21)+N(G21)*12+N(H21) -> 0 | K21: $0 if written yourself (Claude can draft). A lawyer review is optional: get a quote.
A22: Business & legal | B22: Qatar commercial registration / licence | C22: Running a business app that takes bookings | D22: Check | F22: 0 | G22: 0 | I22: =N(E22)+N(F22)*12+N(H22) -> 0 | J22: =N(E22)+N(G22)*12+N(H22) -> 0 | K22: Unknown: check with the Ministry of Commerce and Industry (MOCI). Fill in once you know.
A23: Business & legal | B23: Photo rights | C23: Venue photos from visitqatar.com and venue sites | D23: Check | F23: 0 | G23: 0 | I23: =N(E23)+N(F23)*12+N(H23) -> 0 | J23: =N(E23)+N(G23)*12+N(H23) -> 0 | K23: Unknown: ask for permission or use your own photos. Fill in if you pay for any.
A24: Business & legal | B24: Marketing | C24: Instagram/TikTok ads, launch events | D24: Optional | I24: =N(E24)+N(F24)*12+N(H24) -> 0 | J24: =N(E24)+N(G24)*12+N(H24) -> 0 | K24: Your budget. Fill in.
A26: TOTAL (USD) | E26: =SUM(E5:E24) -> 25 | F26: =SUM(F5:F24) -> 32.38 | G26: =SUM(G5:G24) -> 172.8 | H26: =SUM(H5:H24) -> 119 | I26: =SUM(I5:I24) -> 532.56 | J26: =SUM(J5:J24) -> 2217.6
A27: TOTAL (QAR) | E27: =E26*Assumptions!$B$14 -> 91 | F27: =F26*Assumptions!$B$14 -> 117.8632 | G27: =G26*Assumptions!$B$14 -> 628.992 | H27: =H26*Assumptions!$B$14 -> 433.16 | I27: =I26*Assumptions!$B$14 -> 1938.5184 | J27: =J26*Assumptions!$B$14 -> 8072.064

Sheet Sources
A1: Sources
A3: Expo / EAS | B3: https://expo.dev/pricing
A4: Supabase | B4: https://supabase.com/pricing
A5: Supabase (third-party summary) | B5: https://makerkit.dev/blog/md/saas/supabase-pricing
A6: Vercel Hobby = personal use only | B6: https://vercel.com/docs/plans/hobby
A7: WhatsApp Qatar rates (reseller) | B7: https://whautomate.com/whatsapp-business-api-pricing-qatar
A8: WhatsApp 2026 pricing changes | B8: https://chatmi.io/en/blog/whatsapp-pricing-2026-guide
A9: Apple Developer Program | B9: https://developer.apple.com/programs/
A10: Google Play Console | B10: https://play.google.com/console/signup
A11: Anthropic pricing | B11: https://www.anthropic.com/pricing
